hashtag,count
fyp,85
ootd,69
outfitinspo,56
fashiontiktok,55
fashion,46
outfitideas,38
styleinspo,25
夏コーデ,25
outfit,20
creatorsearchinsights,19
contentcreator,18
italy,18
fashioninspo,18
outfitoftheday,18
summeroutfits,15
stylingtips,15
streetwear,14
おすすめ,13
foryoupage,13
summeroutfit,13
fitcheck,12
fashiontips,12
ファッション,11
ootdinspo,11
foryou,11
fashionhacks,11
ストリートファッション,11
メンズファッション,11
韓国ファッション,10
大人カジュアル,10
summerfashion,10
zara,10
milan,10
contentideas,10
プチプラコーデ,10
カジュアルコーデ,9
mensfashion,9
骨格ウェーブ,9
tiktokfashion,9
italianstyle,9
夏服,9
modaitaliana,9
fashiontok,8
summer,8
grwm,8
outfits,8
着回しコーデ,8
zozotown,8
lookbook,8
outfittransition,8
fashiondesigner,8
greenscreen,8
骨格ストレート,8
fashioncreator,8
プチプラ,8
oldmoney,7
italianfashion,7
summeroutfitinspo,7
style,7
viral,7
コーデ,7
outfitinspiration,7
低身長コーデ,7
dailyoutfits,6
fypシ゚viral,6
fypシ,6
contentcreation,6
trending,6
streetstyle,6
socialmediamarketing,6
ユニクロ,6
uniqlo,6
fashioncontent,6
italiansummer,6
ストリート,6
mensstyle,5
modestfashion,5
コーデ紹介,5
fashiontrends,5
minimalstyle,5
lifestyle,5
outfitchange,5
春コーデ,5
zara購入品,5
tips,5
summerstyle,5
milano,5
capcut,5
italia,5
perte,5
夏服コーデ,5
ザラ,5
italian,5
zaraコーデ,5
gdwm,4
clothingtips,4
amadouuo,4
シャツコーデ,4
transition,4
grl,4
creatortips,4
fashionista,4
デニムコーデ,4
blazeroutfit,4
blowthisup,4
fashioninfluencer,4
microinfluencertips,4
beforeandafter,4
explore,4
低身長,4
gu,4
fypage,4
explorepage,4
ltk,4
stylemistakes,4
levelup,4
estate2025,4
1週間コーデ,4
streetfashion,4
40代コーデ,4
styletips,4
ママコーデ,4
chicoutfit,4
fashioninfluencers,4
春服,4
ootdfashion,4
over50style,4
everydayoutfits,4
marketing,4
glowup,4
summerchic,4
韓国,4
デートコーデ,4
fashioncontentcreator,4
fashionniche,4
韓国コーデ,4
socialmediagrowth,4
casualstyle,4
getdressedwithme,4
fashionmarketing,4
easyoutfits,4
着痩せコーデ,4
contentcreatortips,4
styling,3
womensfashion,3
plussizefashion,3
y2kコーデ,3
summerclothes,3
makeup,3
effortlessstyle,3
y2kファッション,3
shopping,3
unisexfashion,3
ぽっちゃり,3
垢抜け,3
vacationoutfits,3
プチプラファッション,3
summerfits,3
メンズライク,3
genzstyle,3
eurosummer,3
grl購入品,3
tiktok,3
着回し,3
冬コーデ,3
レディースファッション,3
influencer,3
tシャツコーデ,3
oldmoneyaesthetic,3
メンズコーデ,3
tiktokstyle,3
アラサー女子,3
dayinmylife,3
大人カジュアルコーデ,3
zozotown購入品,3
ストリート系女子,3
luxurylife,3
アラサーコーデ,3
シンプルコーデ,3
cityboy,3
instafashion,3
hairstyle,3
mustarddress,2
contentideasforsocialmedia,2
styletiktok,2
contentcreatorsoftiktok,2
tiktokcontent,2
olivedress,2
smallbiztipstuesday,2
greenscreenvideo,2
outfitidea,2
loewe,2
strategy,2
yellowdress,2
mary_osemeka,2
content,2
brandstrategy,2
howtobeacontentcreator,2
clothingbrand,2
takingcontentcreationseriously,2
fashioncontentcreators,2
influencercontentideas,2
socialmedia,2
dreamlife,2
blockheels,2
outfitsinspo,2
over50styleinfluencer,2
stylefromscratch,2
monochromeoutfit,2
ftcelly,2
age,2
13,2
foryoupagе,2
14,2
unique,2
layeredoutfits,2
tylerthecreator,2
tailorgirl,2
dimmysdeluxe,2
skirtoverpants,2
outfitmistakes,2
xyzbca,2
maximalism,2
instagramfashion,2
blogger,2
growmyaccount,2
reeltips,2
stilettoshoes,2
parisfashionweek,2
mulesshoes,2
parisianstyle,2
beginnercontentcreatortips,2
digitalmarketing,2
whattopostontiktok,2
fulltimecontentcreator,2
tiktokgrowth,2
upcominginfluencers,2
blackfashioninfluencer,2
fashionvideostutorial,2
mommyandmeootd,2
tiktokstrategy,2
tiktokoutfits,2
casualootd,2
blackgirloutfitideas,2
elevatedbasics,2
littlemix,2
editingvideos,2
howtoedit,2
editingtutorial,2
editingtips,2
capcuttemplates,2
capcuttutorial,2
trendingvideos,2
fashionvideo,2
creatorjourney,2
microinfluencerclub,2
microinfluencerjourney,2
trendylook,2
ootdpose,2
microinfluencertiktok,2
ootdtips,2
outfitvideo,2
girlygirl,2
cuteoutfits,2
microinfluencer,2
blowouthair,2
summerclothing,2
personalbranding,2
monetize,2
yourplugsister,2
creatormonetization,2
bygisziegiss,2
creativedirection,2
blackcontentcreators,2
branding,2
fashiontipsforwomen,2
pantyline,2
munaalexy,2
momanddaughter,2
sherpajacket,2
minimeootd,2
matchingoutfits,2
momstyle,2
createcontent,2
daughterstyle,2
socialmediacoach,2
socialengagement,2
ootdchallenge,2
twinningwithmom,2
caitlinjenco,2
contentcreatorcoach,2
tiktokstrategist,2
fashionformoms,2
ootdvideo,2
cuteootdideas,2
familygoals,2
tiktokcontentexpert,2
creatorinsights,2
trendylooks,2
street,2
streetwearfashion,2
momlife,2
christmas,2
challenge,2
watchbutnotlike??,2
quickchange,2
amazingoutfits,2
stylehacks,2
fashionforyou,2
momsoftiktok,2
momsover30,2
transformation,2
streetwearinspo,2
outfittransitionchallenge,2
beautytransformation,2
glowupchallenge,2
fashion_outfits,2
latinagirl,2
outfittransformation,2
kibbebodytypes,2
bodytypes,2
styletransformation,2
xybcafyp,2
xybca,2
zept,2
zepetotiktok,2
summerhaul,2
shoppinghaul,2
holidayoutfits,2
holidayclothes,2
nycootd,2
dailyoutfitideas,2
dailyoutfitinspo,2
latestoutfits,2
fashiontransition,2
trendalert,2
viralfashion,2
fashiongoals,2
transformationtuesday,2
fashionreel,2
stylegoals,2
chictransition,2
virallook,2
tiktokglowup,2
zepeto,2
outfitbreakdown,2
outfitexplained,2
yoursopretty,2
outfitgoals,2
modaitalia,2
moda,2
shopnow,2
luigilauro,2
menstyle,2
gentleman,2
elegance,2
roma,2
italianvibes,2
summerlooks,2
look,2
modamasculina,2
whitefoxpartner,2
summervibes,2
girls,2
haul,2
tiktokitalia,2
italysummer,2
studyabroad,2
madeinitaly,2
fashionaddict,2
vibingbymyself,2
modadonna,2
myoutfit,2
myoutfits,2
femalecontentcreator,2
outfitchangetransition,2
parati,2
petitefashion,2
summerinspo,2
sheintrends,2
girlstrip,2
outfitcheck,2
milanfashion,2
milanstreetstyle,2
vacation,2
italien,2
richlife,2
fashionlover,2
springfashion,2
travel,2
hair,2
summerdresses,2
clothinghaul,2
foryoupageofficiall,2
clothesbylockerroom,2
fromboringtobold,2
edgyfashion,2
boldstyle,2
uniqueclothing,2
extravagant,2
fashionover40,2
boldandbrave,2
originaldesigns,2
urbanchic,2
oversizedjumpsuit,2
capsulewardrobe,2
capsulewardrobestyle,2
capsulewardrobeideas,2
stylingideas,2
capsulewardrobetips,2
fashionadvice,2
androgynousstyle,2
androgynousfashion,2
unisex,2
lockerroomflashsale,2
lockerroom,2
maincharacter,2
stylewithme,2
streetstylefashion,2
baggyjeans,2
baggyjeansoutfit,2
baggyclothes,2
streetstyleinspo,2
blackgirlcontentcreator,2
plussizetiktok,2
fashioninspoforyou,2
howtostyleoutfits,2
blacktop,2
mymotf,2
motfpartner,2
swag,2
3,2
layersonlayers,2
stylinghacks,2
wearyourclothesbackwards,2
rewearyourwardrobe,2
thriftedootd,2
nonbinary,2
styleadvice,2
getdressed,2
neutralstyle,2
summerfashioninspo,2
jenknowsstyle,2
jenknowsbest,2
styleexpert,2
pretty,2
coolgirlaesthetic,2
coolgirlstyle,2
ayllon,2
khaite,2
simpleoutfit,2
basicoutfitideas,2
timelessstyle,2
modeloffduty,2
airportstyle,2
airportoutfit,2
traveloutfit,2
summerootd,2
trendycasualoutfits,2
everydayoutfitideas,2
neutraloutfit,2
minimalstyleinspo,2
fallfashion,2
minimalstyledaily,2
falloutfits,2
sandwichmethod,2
girlyaesthetic,2
girlystyle,2
girlycasual,2
pinterestoutfit,2
pinterestaesthetic,2
realisticstyle,2
affordablefashion,2
everydaystyle,2
luxuryonabudget,2
everydaystyleinspo,2
comfortableoutfit,2
casualoutfitideas,2
chic,2
mystyle,2
personalstyle,2
minimal,2
minimalstyleoutfit,2
mistakes,2
fashionbusinessowner,2
facecardneverdeclined,2
sewing,2
大人可愛い,2
綺麗めコーデ,2
zaraoutfit,2
海外ファッション,2
zarahaul,2
tシャツ,2
アラフォーコーデ,2
大人可愛いコーデ,2
モテコーデ,2
coca,2
安すぎ,2
ユニクロ購入品,2
女子会コーデ,2
気温別コーデ,2
fashioncreatortips,2
viralcontentldeas,2
fashionreels,2
growoninstagram,2
paidtopost,2
ugccreator,2
masterclass2025,2
brandcollabs,2
contentstrategy,2
stylecreators,2
prlistready,2
fypツ,2
artistsoftiktok,2
今日のコーデ,2
白t,2
discoat,2
40代,2
pr,2
シティーボーイ,2
ストリートコーデ,2
youngtalent,2
zozo,2
夏ファッション,2
おすすめにのりたい,2
30代ファッション,2
モテ男,2
イケメン男子,2
韓国通販,2
モノトーンコーデ,2
grlコーデ,2
デニム,2
グレイル,2
スニーカー女子,2
大人女子,2
毎日ファッション,2
服,2
毎日コーデ,2
コーディネート,2
韓国ストリート,2
きれいめカジュアル,2
骨スト,2
綺麗めカジュアル,2
垢抜けコーデ,2
metgala,2
ぽっちゃりコーデ,2
artist,2
thecorporatebaddie,2
modelingjourney,2
instagrammodels,2
virał,2
black,2
ecommercebusiness,2
funnyvideos,2
nigerianfashionbrand,2
sellyourdesigns,2
fashionbusinesstips,2
inspireandempower,2
ecommerce,2
fashiondesign,2
clothingbrandtips,2
yapping,2
fashiondesignertips,2
viraltiktok,2
modellife,2
dressmaking,2
blackgirlmagic,2
viralvideo,2
humorandfashion,2
modelgoals,2
ınstamodel,2
mistake,2
contentcreators,2
stylebysa,2
mood,2
modelvibes,2
fashionceo,2
relatablecontent,2
ａｅｓｔｈｅｔｉｃｖｉｂｅｓ,2
madeinnigeria,2
personalbrand,2
trendingnow,2
dailylaughs,2
fashiondesignerinbenincity,2
digitalagency,2
howtogrowfashionpage,2
melbournefashion,2
pinterest,2
howtobeaninfluencer,2
tiktoktips,2
businessfails,2
affiliatetips,2
affiliatemarketing,2
tiktokshop,2
storytime,2
digitalmarketingtips,2
tiktokaffiliate,2
businessmistakes,2
businessowner,2
fashionbrandowner,2
2025fashiontips,2
howtogrowontiktok,2
outfitinsp,2
attraction,2
linenshirt,1
lady,1
jk,1
dresses,1
dressup,1
高校生,1
modaestate2025,1
europeanfashion,1
european,1
bestdressed,1
femenineenergy,1
femenine,1
elegantstyle,1
classy,1
elegant,1
ladies,1
bernardgarby,1
linenpants,1
fashioninspiration,1
stylesnap,1
styleinspiration,1
classystyle,1
comolake,1
summermode,1
marelboutique,1
summerdress,1
pilatesgirl,1
vestitobianco,1
abitoestivo,1
newcollections,1
vestitidonna,1
lookestate,1
ladiesoftiktok,1
abbigliamentodonna,1
abitiestivi,1
scontimoda,1
ilpuntomoda,1
回転界隈,1
vestitibianchi,1
lookchic,1
vacationdress,1
lecce,1
italiansummeraesthetic,1
mostviralvideo,1
modelwalk,1
italianoutfit,1
italyaesthetic,1
ootdmagazine,1
outfitstrend,1
italyoutfits,1
lecco,1
purecotton,1
fashiontrend,1
bellagio,1
varenna,1
shoppingroma,1
activewearfashion,1
1940s,1
day,1
camisas,1
verano,1
fashionblogger,1
fashionweek,1
2024,1
men,1
broadshoulderoutfits,1
broadshoulders,1
corporateoutfit,1
officechic,1
tshirt,1
tshirts,1
outfitdelgiorno,1
tshirtdesign,1
trendy,1
trend,1
stile,1
casualwear,1
pantalones,1
gafas,1
vestitibelli,1
かつき,1
menstailoring,1
italiansuits,1
porsche,1
porscheclub,1
giuseppezanotti,1
ロゴt,1
oldmoneymenswear,1
palmbeach,1
palmbeachisland,1
palmbeachstylist,1
shoppingtips,1
branditaliani,1
brandemergenti,1
marcorambaldi,1
cormio,1
スト女,1
メンズ夏服コーデ,1
stileitaliano,1
beautiful,1
mensagem,1
storia,1
vintagesuit,1
menswear,1
古着女子,1
田舎,1
sartoriale,1
tailoring,1
bespoke,1
benvestire,1
comfortedesign,1
1950s,1
minimalistfashion,1
smartcasual,1
moderngentleman,1
cleanaesthetic,1
loaferstyle,1
simplefits,1
menwithstyle,1
drop,1
vintageshop,1
shoppingonline,1
vintagelove,1
online,1
compraitaliano,1
buy,1
金欠,1
acquistaora,1
stylishoutfit,1
womenswear,1
learntiktok,1
バスケ,1
09,1
ss25trends,1
pinterestgirls,1
nauticalaesthetic,1
vintage,1
vintagestyle,1
vintagemenswear,1
vintageclothing,1
artigianatoitaliano,1
バギーデニム,1
abitoperfetto,1
shirt,1
halloween,1
europesummer,1
whattowearitaly,1
ブランド,1
firenze,1
lagodicomo,1
traveltok,1
italysummer2025,1
europeansummer,1
italystyle,1
italiansummeraesthetics,1
italianfashionstyle,1
italianculture,1
blue,1
bilingual,1
bilingue,1
traveltips,1
dietrolequinte,1
camicia,1
outfitdiclasse,1
biblioteca,1
styleevolution,1
chicandtrendy,1
ioetestore,1
estateitaliana,1
slowfashion,1
summerlookbook,1
slowfashiontiktok,1
slowstyle,1
unisexclothing,1
stylestatement,1
fashionedit,1
donneconstile,1
nofilterstyle,1
styleedit,1
lookswitch,1
officelife,1
ufficio,1
italoamericana,1
culturaitaliana,1
tourist,1
ootditaly,1
pasitano,1
dayinthelife,1
movingabroad,1
digitalnomadvisa,1
turin,1
florenceitaly,1
夏コーデ＃コーデ紹介,1
vlog,1
normalpeople,1
シティーボーイ＃メンズライク,1
italianstudent,1
choir,1
theatre,1
milanitaly,1
milanvlog,1
aupairvlog,1
aupair,1
fy,1
bratsummer,1
zestytrends,1
maladeverao,1
sheinoutfit,1
sheindress,1
sheincodes2023,1
sheinootd,1
italyootd,1
sheininitaly,1
eurosummer2025,1
consultoriadeimagem,1
zesty,1
ladolcevita,1
viajareestilo,1
amalficoast,1
amalfi,1
lemondress,1
slay,1
lemon,1
fashionlovers,1
glamour,1
fashionshow,1
summerideas,1
followformorevideo,1
followme,1
estate,1
summertime,1
inspiration,1
nightout,1
ragazze,1
sere,1
summernights,1
hiphop,1
whattowear,1
whattoweartoday,1
stradivarius,1
skort,1
asos,1
asoshaul,1
luxurymenswear,1
birkenstocks,1
samba,1
summer2024,1
italiano,1
amphurastyle,1
oldmoneystyle,1
tiktokrugby,1
rugby,1
07,1
weddingday,1
aperolspritz,1
italianmen,1
whitefoxhaul,1
fyfyfyfy,1
おしゃれ,1
foryoupagee,1
eleganciaclassica,1
viral_video,1
90slook,1
whitefoxboutique,1
skirt,1
summer2023,1
fashioncreativity,1
love,1
fashionsale,1
promozione,1
newcollection,1
spedizioniintuttaitalia,1
chiaraferragni,1
fashionjourney,1
fashionicon,1
stylequeen,1
trendsetter,1
creativestyle,1
fashionrevolution,1
chiarastyle,1
fashiondiaries,1
fashiontransformation,1
wardrobemagic,1
fashionvibes,1
eleganza,1
tryonhaul,1
marinitrani,1
ispirazionemoda,1
modestgirlies,1
summerides,1
beachoutfitideas,1
ideasforsummer,1
beachfits,1
italylookbook,1
italylooks,1
travels,1
elegantoutfits,1
scelgoiconvoi,1
outfitsiwore,1
italytravel,1
fashionlook,1
valigiapronta,1
outfitvacanza,1
travelstyle,1
comefarelavali,1
luxurymenlifestyle,1
urlaub,1
classymen,1
40代オシャレの教科書,1
多系統,1
おば見え,1
脱オバ,1
オバコーデ,1
40代ファッション,1
サワアラモード,1
sawaalamode,1
dazzlin,1
参考コーデ,1
インすら方法,1
シャツアレンジ,1
サマーセール,1
ザラ購入品,1
ザラセール,1
海外女子,1
海外コーデ,1
多系統コーデ,1
海外スタイル,1
menover60,1
ママファッション,1
着痩せ,1
着痩せテク,1
小学生ママ,1
30代コーデ,1
主婦コーデ,1
スタッフコーデ,1
ママスタッフ,1
グローバルワーク,1
ガーリーコーデ,1
globalwork,1
ベルト,1
秋コーデ,1
韓スト,1
大人っぽコーデ,1
ミニボブアレンジ,1
ミニボブ,1
ザラジョコーデ,1
ザラジョ,1
zaranewin,1
クロジエール,1
158cmコーデ,1
体型カバー,1
シアーシャツ,1
ワイドパンツ,1
ワイドデニム,1
淡色コーデ,1
甘めカジュアル,1
croisiere,1
秋服紹介,1
cpcm,1
スウェットコーデ,1
ダンスファッション通販,1
通販サイトおすすめ,1
通販サイト,1
ファッション通販,1
韓国ストリート通販,1
ブルベ夏,1
スカート,1
155cm,1
コーディネー,1
秋服ファッション,1
秋服コーデ,1
秋コーデ先取り,1
おすすめコーデ,1
zara新作,1
ジャケットコーデ,1
女子大生,1
ぽっちゃり女子,1
オフィスコーデ,1
オフィスカジュアル,1
きれいめコーデ,1
olコーデ,1
骨ストコーデ,1
セール,1
zaraしか勝たん,1
体型カバーコーデ,1
運動会コーデ,1
公園コーデ,1
テクスチャー,1
アウター,1
コート,1
ディナーコーデ,1
ディナーデート,1
990スタイリングチャレンジ,1
990tops,1
シアー,1
シャーリング,1
100円,1
バランスボールインストラクター,1
cocawithme,1
dailyコーデ,1
ユニクロ新作,1
ユニクロコーデ,1
50代,1
y2k,1
ジーユー,1
今日の服,1
ちびりおコーデ,1
春コーデ2023,1
白tコーデ,1
足を出さないコーデ,1
夏のデートコーデ,1
梅雨コーデ,1
梅雨,1
雨の日コーデ,1
雨,1
アベイル,1
コーデ集,1
気温別,1
自然界隈,1
カジュアル,1
大きいサイズ,1
サロペットコーデ,1
オールインワン,1
秋服,1
便利,1
着回したコーデ,1
お洒落コーデ,1
ブラウスコーデ,1
結婚,1
marryme,1
お団子ヘア,1
入学式コーデ,1
春アウター,1
cocaコーデ,1
アラフィフママ,1
大阪,1
アラフィフ,1
cenea,1
シアートップス,1
キャミワンピース,1
キャミワンピ,1
シャツの着方,1
着回し術,1
プチプラコーデおすすめ,1
春ファッション,1
春コーディネート,1
classicalelf,1
目玉商品,1
戦利品,1
キャクター,1
小物,1
雑貨,1
激安コーデ,1
破格,1
セール品,1
セール情報,1
フォローお願いします,1
コーディネート夏,1
メイク,1
夏,1
ミウィビレット,1
milybilet,1
韓国ストリートコーデ,1
韓国ストリートファッション,1
ダンス女子,1
ジップパーカー,1
astronomy,1
girldinner,1
outfitsideas,1
curly,1
girl,1
wshot,1
mailand,1
パーカー,1
ステューシー,1
spring,1
boyfriend,1
milanfashionweek,1
ストリート系男子,1
quietluxury,1
pourtoi,1
シュプリーム,1
キレイめコーデ,1
セットアップ,1
垢抜け男子,1
fashionideas,1
matchingfits,1
kpop,1
milanoitaly,1
メンズカジュアルコーデ,1
invitedby,1
sheinmodernman,1
メンズカジュアル,1
pubblicità,1
adv,1
springoutfitideas,1
beigeaesthetic,1
springoutfit,1
ヘンリーネック,1
whatpeoplearewearing,1
メンズ垢抜け,1
fashionstyle,1
foryour,1
モテたい,1
styleblogger,1
streetstyleitalia,1
ootditalia,1
tendenze2025,1
negozidimoda,1
treviglio,1
crema,1
古着屋,1
shoplocalitaly,1
foru,1
古着,1
sneakerlover,1
eleganzaitaliana,1
dressedtothrill,1
classmen,1
menclass,1
menwithclassandstyle,1
lookdellagiornata,1
古着屋sakashita,1
modauomo,1
fashionitalia,1
foryourpages,1
visititaly,1
三軒茶屋古着屋,1
woman,1
milanstyle,1
fashionable,1
オンライン古着屋,1
coolstyle,1
streetstyl,1
getreadywithme,1
古着初心者,1
event,1
sheindresses,1
ootdinspiration,1
mycustomshoes,1
couple,1
holidayfits,1
ダンス衣装,1
ルセラフィム,1
08,1
リクエスト,1
shein,1
高身長コーデ,1
可愛い女の子,1
私服,1
春夏コーデ,1
ルセラ,1
スニーカーコーデ,1
韓国カジュアル,1
平松想乃,1
毎日更新,1
ギャルコーデ,1
wego_ootd,1
160cmコーデ,1
160cm,1
韓国ブランド,1
プチプラブランド,1
韓国ブランド紹介,1
150cmコーデ,1
衣装,1
ダンスコーデ,1
ダンスファッション,1
ダンサーファッション,1
ダンサー女子,1
ダンサー,1
ダンス,1
韓国女子,1
保存,1
女子旅,1
adidas,1
韓国adidas,1
渡韓vlog,1
韓国旅行,1
韓国ガーリー,1
骨格ウェーブコーデ,1
ショートヘア,1
milanoutfit,1
オーバーサイズ,1
デート服メンズ,1
メンズファッションコーデ,1
韓国男子,1
モテたい男子必見,1
大人コーデ,1
スタイリング,1
ビッグサイズ,1
テテ,1
レイヤーカット,1
韓国好き,1
韓国トレンド,1
韓国購入品,1
かんこくすきなひとと繋がりたい,1
koreanfashion,1
かっこいい,1
relationship,1
イケオジ,1
guコーデ,1
ストリートシック,1
ノームコア,1
カジュアルファッション,1
アラサーファッション,1
バレルレッグ,1
デニムパンツ,1
タンクトップ,1
シャツ,1
チェックシャツ,1
アレンジ,1
アレンジ動画,1
howto動画,1
howto,1
一重女子,1
インスタ,1
ブランド解説,1
ファッション解説,1
travelvlog,1
