is_viral,hashtag,count
True,outfitinspo,12
True,fashiontiktok,10
True,fyp,10
True,ootd,6
True,outfitideas,6
True,contentcreator,4
True,fashioninspo,4
True,getdressedwithme,4
True,summeroutfits,4
True,13,2
True,14,2
True,age,2
True,androgynousfashion,2
True,androgynousstyle,2
True,artist,2
True,artistsoftiktok,2
True,baggyclothes,2
True,baggyjeans,2
True,baggyjeansoutfit,2
True,blackgirloutfitideas,2
True,dailylaughs,2
True,facecardneverdeclined,2
True,fallfashion,2
True,falloutfits,2
True,fashioncontentcreator,2
True,fashiondesigner,2
True,fashioninfluencers,2
True,foryoupage,2
True,foryoupageofficiall,2
True,foryoupagе,2
True,ftcelly,2
True,funnyvideos,2
True,fypage,2
True,fypシ,2
True,fypシ゚viral,2
True,gdwm,2
True,genzstyle,2
True,getdressed,2
True,grwm,2
True,humorandfashion,2
True,inspireandempower,2
True,instagrammodels,2
True,maincharacter,2
True,metgala,2
True,mistakes,2
True,modelgoals,2
True,modelingjourney,2
True,modellife,2
True,modelvibes,2
True,mood,2
True,nonbinary,2
True,outfit,2
True,outfits,2
True,relatablecontent,2
True,sewing,2
True,streetstylefashion,2
True,streetstyleinspo,2
True,streetwear,2
True,streetwearfashion,2
True,streetwearinspo,2
True,styleadvice,2
True,styleinspo,2
True,styletips,2
True,swag,2
True,trendingnow,2
True,unisex,2
True,unisexfashion,2
True,viralvideo,2
True,youngtalent,2
True,ınstamodel,2
True,ａｅｓｔｈｅｔｉｃｖｉｂｅｓ,2
True,outfitinspiration,1
True,skort,1
True,stradivarius,1
True,summeroutfit,1
False,fyp,75
False,ootd,63
False,fashion,46
False,fashiontiktok,45
False,outfitinspo,44
False,outfitideas,32
False,夏コーデ,25
False,styleinspo,23
False,creatorsearchinsights,19
False,italy,18
False,outfit,18
False,outfitoftheday,18
False,stylingtips,15
False,contentcreator,14
False,fashioninspo,14
False,おすすめ,13
False,fashiontips,12
False,fitcheck,12
False,streetwear,12
False,summeroutfit,12
False,fashionhacks,11
False,foryou,11
False,foryoupage,11
False,ootdinspo,11
False,summeroutfits,11
False,ストリートファッション,11
False,ファッション,11
False,メンズファッション,11
False,contentideas,10
False,milan,10
False,summerfashion,10
False,zara,10
False,プチプラコーデ,10
False,大人カジュアル,10
False,韓国ファッション,10
False,italianstyle,9
False,mensfashion,9
False,modaitaliana,9
False,tiktokfashion,9
False,カジュアルコーデ,9
False,夏服,9
False,骨格ウェーブ,9
False,fashioncreator,8
False,fashiontok,8
False,greenscreen,8
False,lookbook,8
False,outfittransition,8
False,summer,8
False,zozotown,8
False,プチプラ,8
False,着回しコーデ,8
False,骨格ストレート,8
False,italianfashion,7
False,oldmoney,7
False,style,7
False,summeroutfitinspo,7
False,viral,7
False,コーデ,7
False,低身長コーデ,7
False,contentcreation,6
False,dailyoutfits,6
False,fashioncontent,6
False,fashiondesigner,6
False,grwm,6
False,italiansummer,6
False,outfitinspiration,6
False,outfits,6
False,socialmediamarketing,6
False,streetstyle,6
False,trending,6
False,uniqlo,6
False,ストリート,6
False,ユニクロ,6
False,capcut,5
False,fashiontrends,5
False,italia,5
False,italian,5
False,lifestyle,5
False,mensstyle,5
False,milano,5
False,minimalstyle,5
False,modestfashion,5
False,outfitchange,5
False,perte,5
False,summerstyle,5
False,tips,5
False,zaraコーデ,5
False,zara購入品,5
False,コーデ紹介,5
False,ザラ,5
False,夏服コーデ,5
False,春コーデ,5
False,1週間コーデ,4
False,40代コーデ,4
False,amadouuo,4
False,beforeandafter,4
False,blazeroutfit,4
False,blowthisup,4
False,casualstyle,4
False,chicoutfit,4
False,clothingtips,4
False,contentcreatortips,4
False,creatortips,4
False,easyoutfits,4
False,estate2025,4
False,everydayoutfits,4
False,explore,4
False,explorepage,4
False,fashioninfluencer,4
False,fashionista,4
False,fashionmarketing,4
False,fashionniche,4
False,fypシ,4
False,fypシ゚viral,4
False,glowup,4
False,grl,4
False,gu,4
False,levelup,4
False,ltk,4
False,marketing,4
False,microinfluencertips,4
False,ootdfashion,4
False,over50style,4
False,socialmediagrowth,4
False,streetfashion,4
False,stylemistakes,4
False,summerchic,4
False,transition,4
False,シャツコーデ,4
False,デニムコーデ,4
False,デートコーデ,4
False,ママコーデ,4
False,低身長,4
False,春服,4
False,着痩せコーデ,4
False,韓国,4
False,韓国コーデ,4
False,cityboy,3
False,dayinmylife,3
False,effortlessstyle,3
False,eurosummer,3
False,grl購入品,3
False,hairstyle,3
False,influencer,3
False,instafashion,3
False,luxurylife,3
False,makeup,3
False,oldmoneyaesthetic,3
False,plussizefashion,3
False,shopping,3
False,styling,3
False,summerclothes,3
False,summerfits,3
False,tiktok,3
False,tiktokstyle,3
False,tシャツコーデ,3
False,vacationoutfits,3
False,womensfashion,3
False,y2kコーデ,3
False,y2kファッション,3
False,zozotown購入品,3
False,ぽっちゃり,3
False,アラサーコーデ,3
False,アラサー女子,3
False,シンプルコーデ,3
False,ストリート系女子,3
False,プチプラファッション,3
False,メンズコーデ,3
False,メンズライク,3
False,レディースファッション,3
False,冬コーデ,3
False,垢抜け,3
False,大人カジュアルコーデ,3
False,着回し,3
False,2025fashiontips,2
False,3,2
False,30代ファッション,2
False,40代,2
False,affiliatemarketing,2
False,affiliatetips,2
False,affordablefashion,2
False,airportoutfit,2
False,airportstyle,2
False,amazingoutfits,2
False,attraction,2
False,ayllon,2
False,basicoutfitideas,2
False,beautytransformation,2
False,beginnercontentcreatortips,2
False,black,2
False,blackcontentcreators,2
False,blackfashioninfluencer,2
False,blackgirlcontentcreator,2
False,blackgirlmagic,2
False,blacktop,2
False,blockheels,2
False,blogger,2
False,blowouthair,2
False,bodytypes,2
False,boldandbrave,2
False,boldstyle,2
False,brandcollabs,2
False,branding,2
False,brandstrategy,2
False,businessfails,2
False,businessmistakes,2
False,businessowner,2
False,bygisziegiss,2
False,caitlinjenco,2
False,capcuttemplates,2
False,capcuttutorial,2
False,capsulewardrobe,2
False,capsulewardrobeideas,2
False,capsulewardrobestyle,2
False,capsulewardrobetips,2
False,casualootd,2
False,casualoutfitideas,2
False,challenge,2
False,chic,2
False,chictransition,2
False,christmas,2
False,clothesbylockerroom,2
False,clothingbrand,2
False,clothingbrandtips,2
False,clothinghaul,2
False,coca,2
False,comfortableoutfit,2
False,content,2
False,contentcreatorcoach,2
False,contentcreators,2
False,contentcreatorsoftiktok,2
False,contentideasforsocialmedia,2
False,contentstrategy,2
False,coolgirlaesthetic,2
False,coolgirlstyle,2
False,createcontent,2
False,creativedirection,2
False,creatorinsights,2
False,creatorjourney,2
False,creatormonetization,2
False,cuteootdideas,2
False,cuteoutfits,2
False,dailyoutfitideas,2
False,dailyoutfitinspo,2
False,daughterstyle,2
False,digitalagency,2
False,digitalmarketing,2
False,digitalmarketingtips,2
False,dimmysdeluxe,2
False,discoat,2
False,dreamlife,2
False,dressmaking,2
False,ecommerce,2
False,ecommercebusiness,2
False,edgyfashion,2
False,editingtips,2
False,editingtutorial,2
False,editingvideos,2
False,elegance,2
False,elevatedbasics,2
False,everydayoutfitideas,2
False,everydaystyle,2
False,everydaystyleinspo,2
False,extravagant,2
False,familygoals,2
False,fashion_outfits,2
False,fashionaddict,2
False,fashionadvice,2
False,fashionbrandowner,2
False,fashionbusinessowner,2
False,fashionbusinesstips,2
False,fashionceo,2
False,fashioncontentcreator,2
False,fashioncontentcreators,2
False,fashioncreatortips,2
False,fashiondesign,2
False,fashiondesignerinbenincity,2
False,fashiondesignertips,2
False,fashionformoms,2
False,fashionforyou,2
False,fashiongoals,2
False,fashioninfluencers,2
False,fashioninspoforyou,2
False,fashionlover,2
False,fashionover40,2
False,fashionreel,2
False,fashionreels,2
False,fashiontipsforwomen,2
False,fashiontransition,2
False,fashionvideo,2
False,fashionvideostutorial,2
False,femalecontentcreator,2
False,fromboringtobold,2
False,fulltimecontentcreator,2
False,fypage,2
False,fypツ,2
False,gdwm,2
False,gentleman,2
False,girls,2
False,girlstrip,2
False,girlyaesthetic,2
False,girlycasual,2
False,girlygirl,2
False,girlystyle,2
False,glowupchallenge,2
False,greenscreenvideo,2
False,grlコーデ,2
False,growmyaccount,2
False,growoninstagram,2
False,hair,2
False,haul,2
False,holidayclothes,2
False,holidayoutfits,2
False,howtobeacontentcreator,2
False,howtobeaninfluencer,2
False,howtoedit,2
False,howtogrowfashionpage,2
False,howtogrowontiktok,2
False,howtostyleoutfits,2
False,influencercontentideas,2
False,instagramfashion,2
False,italianvibes,2
False,italien,2
False,italysummer,2
False,jenknowsbest,2
False,jenknowsstyle,2
False,khaite,2
False,kibbebodytypes,2
False,latestoutfits,2
False,latinagirl,2
False,layeredoutfits,2
False,layersonlayers,2
False,littlemix,2
False,lockerroom,2
False,lockerroomflashsale,2
False,loewe,2
False,look,2
False,luigilauro,2
False,luxuryonabudget,2
False,madeinitaly,2
False,madeinnigeria,2
False,mary_osemeka,2
False,masterclass2025,2
False,matchingoutfits,2
False,maximalism,2
False,melbournefashion,2
False,menstyle,2
False,microinfluencer,2
False,microinfluencerclub,2
False,microinfluencerjourney,2
False,microinfluencertiktok,2
False,milanfashion,2
False,milanstreetstyle,2
False,minimal,2
False,minimalstyledaily,2
False,minimalstyleinspo,2
False,minimalstyleoutfit,2
False,minimeootd,2
False,mistake,2
False,moda,2
False,modadonna,2
False,modaitalia,2
False,modamasculina,2
False,modeloffduty,2
False,momanddaughter,2
False,momlife,2
False,mommyandmeootd,2
False,momsoftiktok,2
False,momsover30,2
False,momstyle,2
False,monetize,2
False,monochromeoutfit,2
False,motfpartner,2
False,mulesshoes,2
False,munaalexy,2
False,mustarddress,2
False,mymotf,2
False,myoutfit,2
False,myoutfits,2
False,mystyle,2
False,neutraloutfit,2
False,neutralstyle,2
False,nigerianfashionbrand,2
False,nycootd,2
False,olivedress,2
False,ootdchallenge,2
False,ootdpose,2
False,ootdtips,2
False,ootdvideo,2
False,originaldesigns,2
False,outfitbreakdown,2
False,outfitchangetransition,2
False,outfitcheck,2
False,outfitexplained,2
False,outfitgoals,2
False,outfitidea,2
False,outfitinsp,2
False,outfitmistakes,2
False,outfitsinspo,2
False,outfittransformation,2
False,outfittransitionchallenge,2
False,outfitvideo,2
False,over50styleinfluencer,2
False,oversizedjumpsuit,2
False,paidtopost,2
False,pantyline,2
False,parati,2
False,parisfashionweek,2
False,parisianstyle,2
False,personalbrand,2
False,personalbranding,2
False,personalstyle,2
False,petitefashion,2
False,pinterest,2
False,pinterestaesthetic,2
False,pinterestoutfit,2
False,plussizetiktok,2
False,pr,2
False,pretty,2
False,prlistready,2
False,quickchange,2
False,realisticstyle,2
False,reeltips,2
False,rewearyourwardrobe,2
False,richlife,2
False,roma,2
False,sandwichmethod,2
False,sellyourdesigns,2
False,sheintrends,2
False,sherpajacket,2
False,shopnow,2
False,shoppinghaul,2
False,simpleoutfit,2
False,skirtoverpants,2
False,smallbiztipstuesday,2
False,socialengagement,2
False,socialmedia,2
False,socialmediacoach,2
False,springfashion,2
False,stilettoshoes,2
False,storytime,2
False,strategy,2
False,street,2
False,studyabroad,2
False,stylebysa,2
False,stylecreators,2
False,styleexpert,2
False,stylefromscratch,2
False,stylegoals,2
False,stylehacks,2
False,styletiktok,2
False,styletips,2
False,styletransformation,2
False,stylewithme,2
False,stylinghacks,2
False,stylingideas,2
False,summerclothing,2
False,summerdresses,2
False,summerfashioninspo,2
False,summerhaul,2
False,summerinspo,2
False,summerlooks,2
False,summerootd,2
False,summervibes,2
False,tailorgirl,2
False,takingcontentcreationseriously,2
False,thecorporatebaddie,2
False,thriftedootd,2
False,tiktokaffiliate,2
False,tiktokcontent,2
False,tiktokcontentexpert,2
False,tiktokglowup,2
False,tiktokgrowth,2
False,tiktokitalia,2
False,tiktokoutfits,2
False,tiktokshop,2
False,tiktokstrategist,2
False,tiktokstrategy,2
False,tiktoktips,2
False,timelessstyle,2
False,transformation,2
False,transformationtuesday,2
False,travel,2
False,traveloutfit,2
False,trendalert,2
False,trendingvideos,2
False,trendycasualoutfits,2
False,trendylook,2
False,trendylooks,2
False,twinningwithmom,2
False,tylerthecreator,2
False,tシャツ,2
False,ugccreator,2
False,unique,2
False,uniqueclothing,2
False,upcominginfluencers,2
False,urbanchic,2
False,vacation,2
False,vibingbymyself,2
False,viralcontentldeas,2
False,viralfashion,2
False,virallook,2
False,viraltiktok,2
False,virał,2
False,watchbutnotlike??,2
False,wearyourclothesbackwards,2
False,whattopostontiktok,2
False,whitefoxpartner,2
False,xybca,2
False,xybcafyp,2
False,xyzbca,2
False,yapping,2
False,yellowdress,2
False,yourplugsister,2
False,yoursopretty,2
False,zarahaul,2
False,zaraoutfit,2
False,zepeto,2
False,zepetotiktok,2
False,zept,2
False,zozo,2
False,おすすめにのりたい,2
False,きれいめカジュアル,2
False,ぽっちゃりコーデ,2
False,アラフォーコーデ,2
False,イケメン男子,2
False,グレイル,2
False,コーディネート,2
False,シティーボーイ,2
False,ストリートコーデ,2
False,スニーカー女子,2
False,デニム,2
False,モテコーデ,2
False,モテ男,2
False,モノトーンコーデ,2
False,ユニクロ購入品,2
False,今日のコーデ,2
False,垢抜けコーデ,2
False,夏ファッション,2
False,大人可愛い,2
False,大人可愛いコーデ,2
False,大人女子,2
False,女子会コーデ,2
False,安すぎ,2
False,服,2
False,毎日コーデ,2
False,毎日ファッション,2
False,気温別コーデ,2
False,海外ファッション,2
False,白t,2
False,綺麗めカジュアル,2
False,綺麗めコーデ,2
False,韓国ストリート,2
False,韓国通販,2
False,骨スト,2
False,07,1
False,08,1
False,09,1
False,100円,1
False,150cmコーデ,1
False,155cm,1
False,158cmコーデ,1
False,160cm,1
False,160cmコーデ,1
False,1940s,1
False,1950s,1
False,2024,1
False,30代コーデ,1
False,40代オシャレの教科書,1
False,40代ファッション,1
False,50代,1
False,90slook,1
False,990tops,1
False,990スタイリングチャレンジ,1
False,abbigliamentodonna,1
False,abitiestivi,1
False,abitoestivo,1
False,abitoperfetto,1
False,acquistaora,1
False,activewearfashion,1
False,adidas,1
False,adv,1
False,amalfi,1
False,amalficoast,1
False,amphurastyle,1
False,aperolspritz,1
False,artigianatoitaliano,1
False,asos,1
False,asoshaul,1
False,astronomy,1
False,aupair,1
False,aupairvlog,1
False,beachfits,1
False,beachoutfitideas,1
False,beautiful,1
False,beigeaesthetic,1
False,bellagio,1
False,benvestire,1
False,bernardgarby,1
False,bespoke,1
False,bestdressed,1
False,biblioteca,1
False,bilingual,1
False,bilingue,1
False,birkenstocks,1
False,blue,1
False,boyfriend,1
False,brandemergenti,1
False,branditaliani,1
False,bratsummer,1
False,broadshoulderoutfits,1
False,broadshoulders,1
False,buy,1
False,camicia,1
False,camisas,1
False,casualwear,1
False,cenea,1
False,chiaraferragni,1
False,chiarastyle,1
False,chicandtrendy,1
False,choir,1
False,classicalelf,1
False,classmen,1
False,classy,1
False,classymen,1
False,classystyle,1
False,cleanaesthetic,1
False,cocawithme,1
False,cocaコーデ,1
False,comefarelavali,1
False,comfortedesign,1
False,comolake,1
False,compraitaliano,1
False,consultoriadeimagem,1
False,coolstyle,1
False,cormio,1
False,corporateoutfit,1
False,couple,1
False,cpcm,1
False,creativestyle,1
False,crema,1
False,croisiere,1
False,culturaitaliana,1
False,curly,1
False,dailyコーデ,1
False,day,1
False,dayinthelife,1
False,dazzlin,1
False,dietrolequinte,1
False,digitalnomadvisa,1
False,donneconstile,1
False,dressedtothrill,1
False,dresses,1
False,dressup,1
False,drop,1
False,eleganciaclassica,1
False,elegant,1
False,elegantoutfits,1
False,elegantstyle,1
False,eleganza,1
False,eleganzaitaliana,1
False,estate,1
False,estateitaliana,1
False,european,1
False,europeanfashion,1
False,europeansummer,1
False,europesummer,1
False,eurosummer2025,1
False,event,1
False,fashionable,1
False,fashionblogger,1
False,fashioncreativity,1
False,fashiondiaries,1
False,fashionedit,1
False,fashionicon,1
False,fashionideas,1
False,fashioninspiration,1
False,fashionitalia,1
False,fashionjourney,1
False,fashionlook,1
False,fashionlovers,1
False,fashionrevolution,1
False,fashionsale,1
False,fashionshow,1
False,fashionstyle,1
False,fashiontransformation,1
False,fashiontrend,1
False,fashionvibes,1
False,fashionweek,1
False,femenine,1
False,femenineenergy,1
False,firenze,1
False,florenceitaly,1
False,followformorevideo,1
False,followme,1
False,foru,1
False,foryoupagee,1
False,foryour,1
False,foryourpages,1
False,fy,1
False,fyfyfyfy,1
False,gafas,1
False,genzstyle,1
False,getreadywithme,1
False,girl,1
False,girldinner,1
False,giuseppezanotti,1
False,glamour,1
False,globalwork,1
False,guコーデ,1
False,halloween,1
False,hiphop,1
False,holidayfits,1
False,howto,1
False,howto動画,1
False,ideasforsummer,1
False,ilpuntomoda,1
False,inspiration,1
False,invitedby,1
False,ioetestore,1
False,ispirazionemoda,1
False,italianculture,1
False,italianfashionstyle,1
False,italianmen,1
False,italiano,1
False,italianoutfit,1
False,italianstudent,1
False,italiansuits,1
False,italiansummeraesthetic,1
False,italiansummeraesthetics,1
False,italoamericana,1
False,italyaesthetic,1
False,italylookbook,1
False,italylooks,1
False,italyootd,1
False,italyoutfits,1
False,italystyle,1
False,italysummer2025,1
False,italytravel,1
False,jk,1
False,koreanfashion,1
False,kpop,1
False,ladies,1
False,ladiesoftiktok,1
False,ladolcevita,1
False,lady,1
False,lagodicomo,1
False,learntiktok,1
False,lecce,1
False,lecco,1
False,lemon,1
False,lemondress,1
False,linenpants,1
False,linenshirt,1
False,loaferstyle,1
False,lookchic,1
False,lookdellagiornata,1
False,lookestate,1
False,lookswitch,1
False,love,1
False,luxurymenlifestyle,1
False,luxurymenswear,1
False,mailand,1
False,maladeverao,1
False,marcorambaldi,1
False,marelboutique,1
False,marinitrani,1
False,marryme,1
False,matchingfits,1
False,men,1
False,menclass,1
False,menover60,1
False,mensagem,1
False,menstailoring,1
False,menswear,1
False,menwithclassandstyle,1
False,menwithstyle,1
False,milanfashionweek,1
False,milanitaly,1
False,milanoitaly,1
False,milanoutfit,1
False,milanstyle,1
False,milanvlog,1
False,milybilet,1
False,minimalistfashion,1
False,modaestate2025,1
False,modauomo,1
False,modelwalk,1
False,moderngentleman,1
False,modestgirlies,1
False,mostviralvideo,1
False,movingabroad,1
False,mycustomshoes,1
False,nauticalaesthetic,1
False,negozidimoda,1
False,newcollection,1
False,newcollections,1
False,nightout,1
False,nofilterstyle,1
False,normalpeople,1
False,officechic,1
False,officelife,1
False,oldmoneymenswear,1
False,oldmoneystyle,1
False,olコーデ,1
False,online,1
False,ootdinspiration,1
False,ootditalia,1
False,ootditaly,1
False,ootdmagazine,1
False,outfitdelgiorno,1
False,outfitdiclasse,1
False,outfitsideas,1
False,outfitsiwore,1
False,outfitstrend,1
False,outfitvacanza,1
False,palmbeach,1
False,palmbeachisland,1
False,palmbeachstylist,1
False,pantalones,1
False,pasitano,1
False,pilatesgirl,1
False,pinterestgirls,1
False,porsche,1
False,porscheclub,1
False,pourtoi,1
False,promozione,1
False,pubblicità,1
False,purecotton,1
False,quietluxury,1
False,ragazze,1
False,relationship,1
False,rugby,1
False,samba,1
False,sartoriale,1
False,sawaalamode,1
False,scelgoiconvoi,1
False,scontimoda,1
False,sere,1
False,shein,1
False,sheincodes2023,1
False,sheindress,1
False,sheindresses,1
False,sheininitaly,1
False,sheinmodernman,1
False,sheinootd,1
False,sheinoutfit,1
False,shirt,1
False,shoplocalitaly,1
False,shoppingonline,1
False,shoppingroma,1
False,shoppingtips,1
False,simplefits,1
False,skirt,1
False,slay,1
False,slowfashion,1
False,slowfashiontiktok,1
False,slowstyle,1
False,smartcasual,1
False,sneakerlover,1
False,spedizioniintuttaitalia,1
False,spring,1
False,springoutfit,1
False,springoutfitideas,1
False,ss25trends,1
False,stile,1
False,stileitaliano,1
False,storia,1
False,streetstyl,1
False,streetstyleitalia,1
False,styleblogger,1
False,styleedit,1
False,styleevolution,1
False,styleinspiration,1
False,stylequeen,1
False,stylesnap,1
False,stylestatement,1
False,stylishoutfit,1
False,summer2023,1
False,summer2024,1
False,summerdress,1
False,summerideas,1
False,summerides,1
False,summerlookbook,1
False,summermode,1
False,summernights,1
False,summertime,1
False,tailoring,1
False,tendenze2025,1
False,theatre,1
False,tiktokrugby,1
False,tourist,1
False,travels,1
False,travelstyle,1
False,traveltips,1
False,traveltok,1
False,travelvlog,1
False,trend,1
False,trendsetter,1
False,trendy,1
False,treviglio,1
False,tryonhaul,1
False,tshirt,1
False,tshirtdesign,1
False,tshirts,1
False,turin,1
False,ufficio,1
False,unisexclothing,1
False,unisexfashion,1
False,urlaub,1
False,vacationdress,1
False,valigiapronta,1
False,varenna,1
False,verano,1
False,vestitibelli,1
False,vestitibianchi,1
False,vestitidonna,1
False,vestitobianco,1
False,viajareestilo,1
False,vintage,1
False,vintageclothing,1
False,vintagelove,1
False,vintagemenswear,1
False,vintageshop,1
False,vintagestyle,1
False,vintagesuit,1
False,viral_video,1
False,visititaly,1
False,vlog,1
False,wardrobemagic,1
False,weddingday,1
False,wego_ootd,1
False,whatpeoplearewearing,1
False,whattowear,1
False,whattowearitaly,1
False,whattoweartoday,1
False,whitefoxboutique,1
False,whitefoxhaul,1
False,woman,1
False,womenswear,1
False,wshot,1
False,y2k,1
False,zaranewin,1
False,zaraしか勝たん,1
False,zara新作,1
False,zesty,1
False,zestytrends,1
False,おしゃれ,1
False,おすすめコーデ,1
False,おば見え,1
False,お団子ヘア,1
False,お洒落コーデ,1
False,かっこいい,1
False,かつき,1
False,かんこくすきなひとと繋がりたい,1
False,きれいめコーデ,1
False,ちびりおコーデ,1
False,ぽっちゃり女子,1
False,アウター,1
False,アベイル,1
False,アラサーファッション,1
False,アラフィフ,1
False,アラフィフママ,1
False,アレンジ,1
False,アレンジ動画,1
False,イケオジ,1
False,インすら方法,1
False,インスタ,1
False,オバコーデ,1
False,オフィスカジュアル,1
False,オフィスコーデ,1
False,オンライン古着屋,1
False,オーバーサイズ,1
False,オールインワン,1
False,カジュアル,1
False,カジュアルファッション,1
False,ガーリーコーデ,1
False,キャクター,1
False,キャミワンピ,1
False,キャミワンピース,1
False,キレイめコーデ,1
False,ギャルコーデ,1
False,クロジエール,1
False,グローバルワーク,1
False,コーディネー,1
False,コーディネート夏,1
False,コーデ集,1
False,コート,1
False,サマーセール,1
False,サロペットコーデ,1
False,サワアラモード,1
False,ザラジョ,1
False,ザラジョコーデ,1
False,ザラセール,1
False,ザラ購入品,1
False,シアー,1
False,シアーシャツ,1
False,シアートップス,1
False,シティーボーイ＃メンズライク,1
False,シャツ,1
False,シャツの着方,1
False,シャツアレンジ,1
False,シャーリング,1
False,シュプリーム,1
False,ショートヘア,1
False,ジップパーカー,1
False,ジャケットコーデ,1
False,ジーユー,1
False,スウェットコーデ,1
False,スカート,1
False,スタイリング,1
False,スタッフコーデ,1
False,ステューシー,1
False,ストリートシック,1
False,ストリート系男子,1
False,スト女,1
False,スニーカーコーデ,1
False,セットアップ,1
False,セール,1
False,セール品,1
False,セール情報,1
False,タンクトップ,1
False,ダンサー,1
False,ダンサーファッション,1
False,ダンサー女子,1
False,ダンス,1
False,ダンスコーデ,1
False,ダンスファッション,1
False,ダンスファッション通販,1
False,ダンス女子,1
False,ダンス衣装,1
False,チェックシャツ,1
False,テクスチャー,1
False,テテ,1
False,ディナーコーデ,1
False,ディナーデート,1
False,デニムパンツ,1
False,デート服メンズ,1
False,ノームコア,1
False,バギーデニム,1
False,バスケ,1
False,バランスボールインストラクター,1
False,バレルレッグ,1
False,パーカー,1
False,ビッグサイズ,1
False,ファッション解説,1
False,ファッション通販,1
False,フォローお願いします,1
False,ブラウスコーデ,1
False,ブランド,1
False,ブランド解説,1
False,ブルベ夏,1
False,プチプラコーデおすすめ,1
False,プチプラブランド,1
False,ヘンリーネック,1
False,ベルト,1
False,ママスタッフ,1
False,ママファッション,1
False,ミウィビレット,1
False,ミニボブ,1
False,ミニボブアレンジ,1
False,メイク,1
False,メンズカジュアル,1
False,メンズカジュアルコーデ,1
False,メンズファッションコーデ,1
False,メンズ垢抜け,1
False,メンズ夏服コーデ,1
False,モテたい,1
False,モテたい男子必見,1
False,ユニクロコーデ,1
False,ユニクロ新作,1
False,リクエスト,1
False,ルセラ,1
False,ルセラフィム,1
False,レイヤーカット,1
False,ロゴt,1
False,ワイドデニム,1
False,ワイドパンツ,1
False,一重女子,1
False,三軒茶屋古着屋,1
False,主婦コーデ,1
False,今日の服,1
False,体型カバー,1
False,体型カバーコーデ,1
False,便利,1
False,保存,1
False,入学式コーデ,1
False,公園コーデ,1
False,参考コーデ,1
False,古着,1
False,古着初心者,1
False,古着女子,1
False,古着屋,1
False,古着屋sakashita,1
False,可愛い女の子,1
False,回転界隈,1
False,垢抜け男子,1
False,夏,1
False,夏のデートコーデ,1
False,夏コーデ＃コーデ紹介,1
False,多系統,1
False,多系統コーデ,1
False,大きいサイズ,1
False,大人っぽコーデ,1
False,大人コーデ,1
False,大阪,1
False,女子大生,1
False,女子旅,1
False,小学生ママ,1
False,小物,1
False,平松想乃,1
False,戦利品,1
False,春アウター,1
False,春コーデ2023,1
False,春コーディネート,1
False,春ファッション,1
False,春夏コーデ,1
False,梅雨,1
False,梅雨コーデ,1
False,毎日更新,1
False,気温別,1
False,海外コーデ,1
False,海外スタイル,1
False,海外女子,1
False,淡色コーデ,1
False,渡韓vlog,1
False,激安コーデ,1
False,甘めカジュアル,1
False,田舎,1
False,白tコーデ,1
False,目玉商品,1
False,着回したコーデ,1
False,着回し術,1
False,着痩せ,1
False,着痩せテク,1
False,破格,1
False,私服,1
False,秋コーデ,1
False,秋コーデ先取り,1
False,秋服,1
False,秋服コーデ,1
False,秋服ファッション,1
False,秋服紹介,1
False,結婚,1
False,脱オバ,1
False,自然界隈,1
False,衣装,1
False,足を出さないコーデ,1
False,通販サイト,1
False,通販サイトおすすめ,1
False,運動会コーデ,1
False,金欠,1
False,雑貨,1
False,雨,1
False,雨の日コーデ,1
False,韓スト,1
False,韓国adidas,1
False,韓国カジュアル,1
False,韓国ガーリー,1
False,韓国ストリートコーデ,1
False,韓国ストリートファッション,1
False,韓国ストリート通販,1
False,韓国トレンド,1
False,韓国ブランド,1
False,韓国ブランド紹介,1
False,韓国女子,1
False,韓国好き,1
False,韓国旅行,1
False,韓国男子,1
False,韓国購入品,1
False,骨ストコーデ,1
False,骨格ウェーブコーデ,1
False,高校生,1
False,高身長コーデ,1
